Type,Name,Request Count,Failure Count,Median Response Time,Average Response Time,Min Response Time,Max Response Time,Average Content Size,Requests/s,Failures/s,50%,66%,75%,80%,90%,95%,98%,99%,99.9%,99.99%,100%
insert,group_insert,26723,3632,290,497.6263144108072,35,28740,0.0,25.320057901254778,3.4413220932289548,290,430,540,620,910,1400,3500,4600,10000,14000,29000
insert,simple_insert,26850,3313,240,452.90286778398513,16,32608,0.0,25.44039047444863,3.1390694093798257,240,370,480,560,830,1300,3400,4600,11000,27000,33000
select,simple_select,53707,6715,310,464.6764667547992,16,44495,0.0,50.88741345293157,6.3624663700529815,310,440,540,610,850,1200,2400,4200,12000,28000,44000
,Aggregated,107280,13660,290,469.93744407158835,16,44495,0.0,101.64786182863499,12.942857872661762,290,420,530,600,860,1300,2800,4400,11000,23000,44000
