Type,Name,Request Count,Failure Count,Median Response Time,Average Response Time,Min Response Time,Max Response Time,Average Content Size,Requests/s,Failures/s,50%,66%,75%,80%,90%,95%,98%,99%,99.9%,99.99%,100%
delete,group_delete,5886,0,89,187.9546381243629,37,4500,0.0,3.8364558418626773,0.0,89,120,180,260,470,660,980,1100,4300,4500,4500
insert,group_insert,5886,0,94,308.22714916751613,35,2197,0.0,3.8364558418626773,0.0,94,250,440,590,850,1100,1400,1600,2000,2200,2200
delete,simple_delete,5656,0,61,129.7915487977369,20,4494,0.0,3.686543364182009,0.0,61,83,100,130,290,490,790,1000,4100,4500,4500
insert,simple_insert,5657,0,36,146.00265158211067,17,2007,0.0,3.687195157563229,0.0,36,53,87,220,470,750,1000,1200,1700,2000,2000
select,simple_select,37016,0,67,194.8951804625027,24,5501,0.0,24.12678379925057,0.0,67,110,240,290,590,820,1100,1300,1800,5100,5500
,Aggregated,60101,0,70,194.58584715728523,17,5501,0.0,39.173434004721166,0.0,70,110,230,280,590,820,1100,1300,1800,4900,5500
